Country Name,Country ISO3,Year,Indicator Name,Indicator Code,Value
#country+name,#country+code,#date+year,#indicator+name,#indicator+code,#indicator+value+num
South Sudan,SSD,2022,Fertilizer consumption (kilograms per hectare of arable land),AG.CON.FERT.ZS,0.000555393159894768
South Sudan,SSD,2021,Fertilizer consumption (kilograms per hectare of arable land),AG.CON.FERT.ZS,0.103645550590888
South Sudan,SSD,2020,Fertilizer consumption (kilograms per hectare of arable land),AG.CON.FERT.ZS,0.0756963293940786
South Sudan,SSD,2019,Fertilizer consumption (kilograms per hectare of arable land),AG.CON.FERT.ZS,0.089551927172506
South Sudan,SSD,2018,Fertilizer consumption (kilograms per hectare of arable land),AG.CON.FERT.ZS,0.101719030333375
South Sudan,SSD,2017,Fertilizer consumption (kilograms per hectare of arable land),AG.CON.FERT.ZS,0.0265110293745124
South Sudan,SSD,2016,Fertilizer consumption (kilograms per hectare of arable land),AG.CON.FERT.ZS,0.0343048375415199
South Sudan,SSD,2015,Fertilizer consumption (kilograms per hectare of arable land),AG.CON.FERT.ZS,0.0245089347282148
South Sudan,SSD,2014,Fertilizer consumption (kilograms per hectare of arable land),AG.CON.FERT.ZS,0.0067530374591648
South Sudan,SSD,2013,Fertilizer consumption (kilograms per hectare of arable land),AG.CON.FERT.ZS,0.00366912867748932
South Sudan,SSD,2012,Fertilizer consumption (kilograms per hectare of arable land),AG.CON.FERT.ZS,0.000188060950554075
South Sudan,SSD,2021,Agricultural land (sq. km),AG.LND.AGRI.K2,282527
South Sudan,SSD,2020,Agricultural land (sq. km),AG.LND.AGRI.K2,282507
South Sudan,SSD,2019,Agricultural land (sq. km),AG.LND.AGRI.K2,282509
South Sudan,SSD,2018,Agricultural land (sq. km),AG.LND.AGRI.K2,282509
South Sudan,SSD,2017,Agricultural land (sq. km),AG.LND.AGRI.K2,283214.75
South Sudan,SSD,2016,Agricultural land (sq. km),AG.LND.AGRI.K2,283567.625
South Sudan,SSD,2015,Agricultural land (sq. km),AG.LND.AGRI.K2,283920.5
South Sudan,SSD,2014,Agricultural land (sq. km),AG.LND.AGRI.K2,284273.375
South Sudan,SSD,2013,Agricultural land (sq. km),AG.LND.AGRI.K2,284626.25
South Sudan,SSD,2012,Agricultural land (sq. km),AG.LND.AGRI.K2,284979.125
South Sudan,SSD,2022,Agricultural land (% of land area),AG.LND.AGRI.ZS,44.7085911414239
South Sudan,SSD,2021,Agricultural land (% of land area),AG.LND.AGRI.ZS,44.7085911414239
South Sudan,SSD,2020,Agricultural land (% of land area),AG.LND.AGRI.ZS,44.7054262339183
South Sudan,SSD,2019,Agricultural land (% of land area),AG.LND.AGRI.ZS,44.7057427246689
South Sudan,SSD,2018,Agricultural land (% of land area),AG.LND.AGRI.ZS,44.7057427246689
South Sudan,SSD,2017,Agricultural land (% of land area),AG.LND.AGRI.ZS,44.817424398272
South Sudan,SSD,2016,Agricultural land (% of land area),AG.LND.AGRI.ZS,44.8732652350735
South Sudan,SSD,2015,Agricultural land (% of land area),AG.LND.AGRI.ZS,44.929106071875
South Sudan,SSD,2014,Agricultural land (% of land area),AG.LND.AGRI.ZS,44.9849469086766
South Sudan,SSD,2013,Agricultural land (% of land area),AG.LND.AGRI.ZS,45.0407877454781
South Sudan,SSD,2012,Agricultural land (% of land area),AG.LND.AGRI.ZS,45.0966285822797
South Sudan,SSD,2021,Arable land (hectares),AG.LND.ARBL.HA,2394700
South Sudan,SSD,2020,Arable land (hectares),AG.LND.ARBL.HA,2394700
South Sudan,SSD,2019,Arable land (hectares),AG.LND.ARBL.HA,2394700
South Sudan,SSD,2018,Arable land (hectares),AG.LND.ARBL.HA,2396700
South Sudan,SSD,2017,Arable land (hectares),AG.LND.ARBL.HA,2467275
South Sudan,SSD,2016,Arable land (hectares),AG.LND.ARBL.HA,2502562.5
South Sudan,SSD,2015,Arable land (hectares),AG.LND.ARBL.HA,2537850
South Sudan,SSD,2014,Arable land (hectares),AG.LND.ARBL.HA,2575137.5
South Sudan,SSD,2013,Arable land (hectares),AG.LND.ARBL.HA,2616425
South Sudan,SSD,2012,Arable land (hectares),AG.LND.ARBL.HA,2658712.5
South Sudan,SSD,2021,Arable land (hectares per person),AG.LND.ARBL.HA.PC,0.22038914831701
South Sudan,SSD,2020,Arable land (hectares per person),AG.LND.ARBL.HA.PC,0.22383580750401
South Sudan,SSD,2019,Arable land (hectares per person),AG.LND.ARBL.HA.PC,0.229743046979752
South Sudan,SSD,2018,Arable land (hectares per person),AG.LND.ARBL.HA.PC,0.236758416027222
South Sudan,SSD,2017,Arable land (hectares per person),AG.LND.ARBL.HA.PC,0.240494976486365
South Sudan,SSD,2016,Arable land (hectares per person),AG.LND.ARBL.HA.PC,0.231074693479341
South Sudan,SSD,2015,Arable land (hectares per person),AG.LND.ARBL.HA.PC,0.22847950148552
South Sudan,SSD,2014,Arable land (hectares per person),AG.LND.ARBL.HA.PC,0.229205230798233
South Sudan,SSD,2013,Arable land (hectares per person),AG.LND.ARBL.HA.PC,0.234314934926822
South Sudan,SSD,2012,Arable land (hectares per person),AG.LND.ARBL.HA.PC,0.247178614460072
South Sudan,SSD,2022,Arable land (% of land area),AG.LND.ARBL.ZS,3.789502001804
South Sudan,SSD,2021,Arable land (% of land area),AG.LND.ARBL.ZS,3.789502001804
South Sudan,SSD,2020,Arable land (% of land area),AG.LND.ARBL.ZS,3.789502001804
South Sudan,SSD,2019,Arable land (% of land area),AG.LND.ARBL.ZS,3.789502001804
South Sudan,SSD,2018,Arable land (% of land area),AG.LND.ARBL.ZS,3.79266690930958
South Sudan,SSD,2017,Arable land (% of land area),AG.LND.ARBL.ZS,3.90434858291266
South Sudan,SSD,2016,Arable land (% of land area),AG.LND.ARBL.ZS,3.96018941971421
South Sudan,SSD,2015,Arable land (% of land area),AG.LND.ARBL.ZS,4.01603025651575
South Sudan,SSD,2014,Arable land (% of land area),AG.LND.ARBL.ZS,4.07503600082288
South Sudan,SSD,2013,Arable land (% of land area),AG.LND.ARBL.ZS,4.14037156014115
South Sudan,SSD,2012,Arable land (% of land area),AG.LND.ARBL.ZS,4.20728957321222
South Sudan,SSD,2022,Land under cereal production (hectares),AG.LND.CREL.HA,1007211
South Sudan,SSD,2021,Land under cereal production (hectares),AG.LND.CREL.HA,994925
South Sudan,SSD,2020,Land under cereal production (hectares),AG.LND.CREL.HA,987496
South Sudan,SSD,2019,Land under cereal production (hectares),AG.LND.CREL.HA,929547
South Sudan,SSD,2018,Land under cereal production (hectares),AG.LND.CREL.HA,883001
South Sudan,SSD,2017,Land under cereal production (hectares),AG.LND.CREL.HA,863208
South Sudan,SSD,2016,Land under cereal production (hectares),AG.LND.CREL.HA,939361
South Sudan,SSD,2015,Land under cereal production (hectares),AG.LND.CREL.HA,1015093
South Sudan,SSD,2014,Land under cereal production (hectares),AG.LND.CREL.HA,1013451
South Sudan,SSD,2013,Land under cereal production (hectares),AG.LND.CREL.HA,1173000
South Sudan,SSD,2012,Land under cereal production (hectares),AG.LND.CREL.HA,1194000
South Sudan,SSD,2022,Permanent cropland (% of land area),AG.LND.CROP.ZS,0.134508568987071
South Sudan,SSD,2021,Permanent cropland (% of land area),AG.LND.CROP.ZS,0.134508568987071
South Sudan,SSD,2020,Permanent cropland (% of land area),AG.LND.CROP.ZS,0.131343661481493
South Sudan,SSD,2019,Permanent cropland (% of land area),AG.LND.CROP.ZS,0.131343661481493
South Sudan,SSD,2018,Permanent cropland (% of land area),AG.LND.CROP.ZS,0.128178753975915
South Sudan,SSD,2017,Permanent cropland (% of land area),AG.LND.CROP.ZS,0.128178753975915
South Sudan,SSD,2016,Permanent cropland (% of land area),AG.LND.CROP.ZS,0.128178753975915
South Sudan,SSD,2015,Permanent cropland (% of land area),AG.LND.CROP.ZS,0.128178753975915
South Sudan,SSD,2014,Permanent cropland (% of land area),AG.LND.CROP.ZS,0.125013846470337
South Sudan,SSD,2013,Permanent cropland (% of land area),AG.LND.CROP.ZS,0.115519123953602
South Sudan,SSD,2012,Permanent cropland (% of land area),AG.LND.CROP.ZS,0.104441947684079
South Sudan,SSD,2015,Rural land area where elevation is below 5 meters (sq. km),AG.LND.EL5M.RU.K2,0
South Sudan,SSD,2000,Rural land area where elevation is below 5 meters (sq. km),AG.LND.EL5M.RU.K2,0
South Sudan,SSD,1990,Rural land area where elevation is below 5 meters (sq. km),AG.LND.EL5M.RU.K2,0
South Sudan,SSD,2015,Rural land area where elevation is below 5 meters (% of total land area),AG.LND.EL5M.RU.ZS,0
South Sudan,SSD,2000,Rural land area where elevation is below 5 meters (% of total land area),AG.LND.EL5M.RU.ZS,0
South Sudan,SSD,1990,Rural land area where elevation is below 5 meters (% of total land area),AG.LND.EL5M.RU.ZS,0
South Sudan,SSD,2022,Forest area (sq. km),AG.LND.FRST.K2,71570
South Sudan,SSD,2021,Forest area (sq. km),AG.LND.FRST.K2,71570
South Sudan,SSD,2020,Forest area (sq. km),AG.LND.FRST.K2,71570
South Sudan,SSD,2019,Forest area (sq. km),AG.LND.FRST.K2,71570
South Sudan,SSD,2018,Forest area (sq. km),AG.LND.FRST.K2,71570
South Sudan,SSD,2017,Forest area (sq. km),AG.LND.FRST.K2,71570
South Sudan,SSD,2016,Forest area (sq. km),AG.LND.FRST.K2,71570
South Sudan,SSD,2015,Forest area (sq. km),AG.LND.FRST.K2,71570
South Sudan,SSD,2014,Forest area (sq. km),AG.LND.FRST.K2,71570
South Sudan,SSD,2013,Forest area (sq. km),AG.LND.FRST.K2,71570
South Sudan,SSD,2012,Forest area (sq. km),AG.LND.FRST.K2,71570
South Sudan,SSD,2022,Forest area (% of land area),AG.LND.FRST.ZS,11.3256215087114
South Sudan,SSD,2021,Forest area (% of land area),AG.LND.FRST.ZS,11.3256215087114
South Sudan,SSD,2020,Forest area (% of land area),AG.LND.FRST.ZS,11.3256215087114
South Sudan,SSD,2019,Forest area (% of land area),AG.LND.FRST.ZS,11.3256215087114
South Sudan,SSD,2018,Forest area (% of land area),AG.LND.FRST.ZS,11.3256215087114
South Sudan,SSD,2017,Forest area (% of land area),AG.LND.FRST.ZS,11.3256215087114
South Sudan,SSD,2016,Forest area (% of land area),AG.LND.FRST.ZS,11.3256215087114
South Sudan,SSD,2015,Forest area (% of land area),AG.LND.FRST.ZS,11.3256215087114
South Sudan,SSD,2014,Forest area (% of land area),AG.LND.FRST.ZS,11.3256215087114
South Sudan,SSD,2013,Forest area (% of land area),AG.LND.FRST.ZS,11.3256215087114
South Sudan,SSD,2012,Forest area (% of land area),AG.LND.FRST.ZS,11.3256215087114
South Sudan,SSD,2021,Average precipitation in depth (mm per year),AG.LND.PRCP.MM,900
South Sudan,SSD,2020,Average precipitation in depth (mm per year),AG.LND.PRCP.MM,900
South Sudan,SSD,2019,Average precipitation in depth (mm per year),AG.LND.PRCP.MM,900
South Sudan,SSD,2018,Average precipitation in depth (mm per year),AG.LND.PRCP.MM,900
South Sudan,SSD,2017,Average precipitation in depth (mm per year),AG.LND.PRCP.MM,900
South Sudan,SSD,2016,Average precipitation in depth (mm per year),AG.LND.PRCP.MM,900
South Sudan,SSD,2015,Average precipitation in depth (mm per year),AG.LND.PRCP.MM,900
South Sudan,SSD,2014,Average precipitation in depth (mm per year),AG.LND.PRCP.MM,900
South Sudan,SSD,2013,Average precipitation in depth (mm per year),AG.LND.PRCP.MM,900
South Sudan,SSD,2012,Average precipitation in depth (mm per year),AG.LND.PRCP.MM,900
South Sudan,SSD,2022,Land area (sq. km),AG.LND.TOTL.K2,631930
South Sudan,SSD,2021,Land area (sq. km),AG.LND.TOTL.K2,631930
South Sudan,SSD,2020,Land area (sq. km),AG.LND.TOTL.K2,631930
South Sudan,SSD,2019,Land area (sq. km),AG.LND.TOTL.K2,631930
South Sudan,SSD,2018,Land area (sq. km),AG.LND.TOTL.K2,631930
South Sudan,SSD,2017,Land area (sq. km),AG.LND.TOTL.K2,631930
South Sudan,SSD,2016,Land area (sq. km),AG.LND.TOTL.K2,631930
South Sudan,SSD,2015,Land area (sq. km),AG.LND.TOTL.K2,631930
South Sudan,SSD,2014,Land area (sq. km),AG.LND.TOTL.K2,631930
South Sudan,SSD,2013,Land area (sq. km),AG.LND.TOTL.K2,631930
South Sudan,SSD,2012,Land area (sq. km),AG.LND.TOTL.K2,631930
South Sudan,SSD,2015,Rural land area (sq. km),AG.LND.TOTL.RU.K2,623624.987672
South Sudan,SSD,2000,Rural land area (sq. km),AG.LND.TOTL.RU.K2,623843.155031
South Sudan,SSD,1990,Rural land area (sq. km),AG.LND.TOTL.RU.K2,623954.208563
South Sudan,SSD,2022,Cereal production (metric tons),AG.PRD.CREL.MT,1063299
South Sudan,SSD,2021,Cereal production (metric tons),AG.PRD.CREL.MT,840333
South Sudan,SSD,2020,Cereal production (metric tons),AG.PRD.CREL.MT,874410
South Sudan,SSD,2019,Cereal production (metric tons),AG.PRD.CREL.MT,818487
South Sudan,SSD,2018,Cereal production (metric tons),AG.PRD.CREL.MT,745005
South Sudan,SSD,2017,Cereal production (metric tons),AG.PRD.CREL.MT,764107
South Sudan,SSD,2016,Cereal production (metric tons),AG.PRD.CREL.MT,825807
South Sudan,SSD,2015,Cereal production (metric tons),AG.PRD.CREL.MT,921002
South Sudan,SSD,2014,Cereal production (metric tons),AG.PRD.CREL.MT,1270551
South Sudan,SSD,2013,Cereal production (metric tons),AG.PRD.CREL.MT,898000
South Sudan,SSD,2012,Cereal production (metric tons),AG.PRD.CREL.MT,842000
South Sudan,SSD,2022,Crop production index (2014-2016 = 100),AG.PRD.CROP.XD,117.91
South Sudan,SSD,2021,Crop production index (2014-2016 = 100),AG.PRD.CROP.XD,112.4
South Sudan,SSD,2020,Crop production index (2014-2016 = 100),AG.PRD.CROP.XD,110.85
South Sudan,SSD,2019,Crop production index (2014-2016 = 100),AG.PRD.CROP.XD,106.95
South Sudan,SSD,2018,Crop production index (2014-2016 = 100),AG.PRD.CROP.XD,101.12
South Sudan,SSD,2017,Crop production index (2014-2016 = 100),AG.PRD.CROP.XD,96.58
South Sudan,SSD,2016,Crop production index (2014-2016 = 100),AG.PRD.CROP.XD,98.41
South Sudan,SSD,2015,Crop production index (2014-2016 = 100),AG.PRD.CROP.XD,103.33
South Sudan,SSD,2014,Crop production index (2014-2016 = 100),AG.PRD.CROP.XD,98.25
South Sudan,SSD,2013,Crop production index (2014-2016 = 100),AG.PRD.CROP.XD,88.31
South Sudan,SSD,2012,Crop production index (2014-2016 = 100),AG.PRD.CROP.XD,91.55
South Sudan,SSD,2022,Food production index (2014-2016 = 100),AG.PRD.FOOD.XD,114.76
South Sudan,SSD,2021,Food production index (2014-2016 = 100),AG.PRD.FOOD.XD,114.19
South Sudan,SSD,2020,Food production index (2014-2016 = 100),AG.PRD.FOOD.XD,106.85
South Sudan,SSD,2019,Food production index (2014-2016 = 100),AG.PRD.FOOD.XD,110.73
South Sudan,SSD,2018,Food production index (2014-2016 = 100),AG.PRD.FOOD.XD,101.96
South Sudan,SSD,2017,Food production index (2014-2016 = 100),AG.PRD.FOOD.XD,100.66
South Sudan,SSD,2016,Food production index (2014-2016 = 100),AG.PRD.FOOD.XD,101.1
South Sudan,SSD,2015,Food production index (2014-2016 = 100),AG.PRD.FOOD.XD,100.49
South Sudan,SSD,2014,Food production index (2014-2016 = 100),AG.PRD.FOOD.XD,98.42
South Sudan,SSD,2013,Food production index (2014-2016 = 100),AG.PRD.FOOD.XD,94.26
South Sudan,SSD,2012,Food production index (2014-2016 = 100),AG.PRD.FOOD.XD,94.83
South Sudan,SSD,2022,Livestock production index (2014-2016 = 100),AG.PRD.LVSK.XD,113.15
South Sudan,SSD,2021,Livestock production index (2014-2016 = 100),AG.PRD.LVSK.XD,115.1
South Sudan,SSD,2020,Livestock production index (2014-2016 = 100),AG.PRD.LVSK.XD,104.82
South Sudan,SSD,2019,Livestock production index (2014-2016 = 100),AG.PRD.LVSK.XD,112.65
South Sudan,SSD,2018,Livestock production index (2014-2016 = 100),AG.PRD.LVSK.XD,102.39
South Sudan,SSD,2017,Livestock production index (2014-2016 = 100),AG.PRD.LVSK.XD,102.74
South Sudan,SSD,2016,Livestock production index (2014-2016 = 100),AG.PRD.LVSK.XD,102.47
South Sudan,SSD,2015,Livestock production index (2014-2016 = 100),AG.PRD.LVSK.XD,99.03
South Sudan,SSD,2014,Livestock production index (2014-2016 = 100),AG.PRD.LVSK.XD,98.5
South Sudan,SSD,2013,Livestock production index (2014-2016 = 100),AG.PRD.LVSK.XD,97.29
South Sudan,SSD,2012,Livestock production index (2014-2016 = 100),AG.PRD.LVSK.XD,96.5
South Sudan,SSD,2022,Surface area (sq. km),AG.SRF.TOTL.K2,646883
South Sudan,SSD,2021,Surface area (sq. km),AG.SRF.TOTL.K2,646883
South Sudan,SSD,2020,Surface area (sq. km),AG.SRF.TOTL.K2,646883
South Sudan,SSD,2019,Surface area (sq. km),AG.SRF.TOTL.K2,646883
South Sudan,SSD,2018,Surface area (sq. km),AG.SRF.TOTL.K2,646883
South Sudan,SSD,2017,Surface area (sq. km),AG.SRF.TOTL.K2,646883
South Sudan,SSD,2016,Surface area (sq. km),AG.SRF.TOTL.K2,646883
South Sudan,SSD,2015,Surface area (sq. km),AG.SRF.TOTL.K2,646883
South Sudan,SSD,2014,Surface area (sq. km),AG.SRF.TOTL.K2,646883
South Sudan,SSD,2013,Surface area (sq. km),AG.SRF.TOTL.K2,646883
South Sudan,SSD,2012,Surface area (sq. km),AG.SRF.TOTL.K2,646883
South Sudan,SSD,2022,Cereal yield (kg per hectare),AG.YLD.CREL.KG,1055.7
South Sudan,SSD,2021,Cereal yield (kg per hectare),AG.YLD.CREL.KG,844.6
South Sudan,SSD,2020,Cereal yield (kg per hectare),AG.YLD.CREL.KG,885.5
South Sudan,SSD,2019,Cereal yield (kg per hectare),AG.YLD.CREL.KG,880.5
South Sudan,SSD,2018,Cereal yield (kg per hectare),AG.YLD.CREL.KG,843.7
South Sudan,SSD,2017,Cereal yield (kg per hectare),AG.YLD.CREL.KG,885.2
South Sudan,SSD,2016,Cereal yield (kg per hectare),AG.YLD.CREL.KG,879.1
South Sudan,SSD,2015,Cereal yield (kg per hectare),AG.YLD.CREL.KG,907.3
South Sudan,SSD,2014,Cereal yield (kg per hectare),AG.YLD.CREL.KG,1253.7
South Sudan,SSD,2013,Cereal yield (kg per hectare),AG.YLD.CREL.KG,765.6
South Sudan,SSD,2012,Cereal yield (kg per hectare),AG.YLD.CREL.KG,705.2
South Sudan,SSD,2022,"Access to electricity, rural (% of rural population)",EG.ELC.ACCS.RU.ZS,1.7
South Sudan,SSD,2021,"Access to electricity, rural (% of rural population)",EG.ELC.ACCS.RU.ZS,5.7
South Sudan,SSD,2020,"Access to electricity, rural (% of rural population)",EG.ELC.ACCS.RU.ZS,5.4
South Sudan,SSD,2019,"Access to electricity, rural (% of rural population)",EG.ELC.ACCS.RU.ZS,5.1
South Sudan,SSD,2018,"Access to electricity, rural (% of rural population)",EG.ELC.ACCS.RU.ZS,4.8
South Sudan,SSD,2017,"Access to electricity, rural (% of rural population)",EG.ELC.ACCS.RU.ZS,2.9
South Sudan,SSD,2016,"Access to electricity, rural (% of rural population)",EG.ELC.ACCS.RU.ZS,3.7
South Sudan,SSD,2015,"Access to electricity, rural (% of rural population)",EG.ELC.ACCS.RU.ZS,3.2
South Sudan,SSD,2014,"Access to electricity, rural (% of rural population)",EG.ELC.ACCS.RU.ZS,2.6
South Sudan,SSD,2013,"Access to electricity, rural (% of rural population)",EG.ELC.ACCS.RU.ZS,2.1
South Sudan,SSD,2012,"Access to electricity, rural (% of rural population)",EG.ELC.ACCS.RU.ZS,1.6
South Sudan,SSD,2011,"Access to electricity, rural (% of rural population)",EG.ELC.ACCS.RU.ZS,1
South Sudan,SSD,2010,"Access to electricity, rural (% of rural population)",EG.ELC.ACCS.RU.ZS,1
South Sudan,SSD,2015,Rural population living in areas where elevation is below 5 meters (% of total population),EN.POP.EL5M.RU.ZS,0
South Sudan,SSD,2000,Rural population living in areas where elevation is below 5 meters (% of total population),EN.POP.EL5M.RU.ZS,0
South Sudan,SSD,1990,Rural population living in areas where elevation is below 5 meters (% of total population),EN.POP.EL5M.RU.ZS,0
South Sudan,SSD,2021,"Annual freshwater withdrawals, agriculture (% of total freshwater withdrawal)",ER.H2O.FWAG.ZS,36.4741641337
South Sudan,SSD,2020,"Annual freshwater withdrawals, agriculture (% of total freshwater withdrawal)",ER.H2O.FWAG.ZS,36.4741641337
South Sudan,SSD,2019,"Annual freshwater withdrawals, agriculture (% of total freshwater withdrawal)",ER.H2O.FWAG.ZS,36.4741641337
South Sudan,SSD,2018,"Annual freshwater withdrawals, agriculture (% of total freshwater withdrawal)",ER.H2O.FWAG.ZS,36.4741641337
South Sudan,SSD,2017,"Annual freshwater withdrawals, agriculture (% of total freshwater withdrawal)",ER.H2O.FWAG.ZS,36.4741641337
South Sudan,SSD,2016,"Annual freshwater withdrawals, agriculture (% of total freshwater withdrawal)",ER.H2O.FWAG.ZS,36.4741641337
South Sudan,SSD,2015,"Annual freshwater withdrawals, agriculture (% of total freshwater withdrawal)",ER.H2O.FWAG.ZS,36.4741641337
South Sudan,SSD,2014,"Annual freshwater withdrawals, agriculture (% of total freshwater withdrawal)",ER.H2O.FWAG.ZS,36.4741641337
South Sudan,SSD,2013,"Annual freshwater withdrawals, agriculture (% of total freshwater withdrawal)",ER.H2O.FWAG.ZS,36.4741641337
South Sudan,SSD,2012,"Annual freshwater withdrawals, agriculture (% of total freshwater withdrawal)",ER.H2O.FWAG.ZS,36.4741641337
South Sudan,SSD,2015,"Agriculture, forestry, and fishing, value added (current US$)",NV.AGR.TOTL.CD,1242375561.84451
South Sudan,SSD,2014,"Agriculture, forestry, and fishing, value added (current US$)",NV.AGR.TOTL.CD,1060640677.9661
South Sudan,SSD,2013,"Agriculture, forestry, and fishing, value added (current US$)",NV.AGR.TOTL.CD,1775539423.72881
South Sudan,SSD,2012,"Agriculture, forestry, and fishing, value added (current US$)",NV.AGR.TOTL.CD,736903491.525424
South Sudan,SSD,2011,"Agriculture, forestry, and fishing, value added (current US$)",NV.AGR.TOTL.CD,697205419.872867
South Sudan,SSD,2010,"Agriculture, forestry, and fishing, value added (current US$)",NV.AGR.TOTL.CD,773003557.638075
South Sudan,SSD,2009,"Agriculture, forestry, and fishing, value added (current US$)",NV.AGR.TOTL.CD,638477097.584206
South Sudan,SSD,2008,"Agriculture, forestry, and fishing, value added (current US$)",NV.AGR.TOTL.CD,611957920.910439
South Sudan,SSD,2015,"Agriculture, forestry, and fishing, value added (% of GDP)",NV.AGR.TOTL.ZS,10.3550274477245
South Sudan,SSD,2014,"Agriculture, forestry, and fishing, value added (% of GDP)",NV.AGR.TOTL.ZS,7.59650844428456
South Sudan,SSD,2013,"Agriculture, forestry, and fishing, value added (% of GDP)",NV.AGR.TOTL.ZS,9.635809346303
South Sudan,SSD,2012,"Agriculture, forestry, and fishing, value added (% of GDP)",NV.AGR.TOTL.ZS,6.17613217428162
South Sudan,SSD,2011,"Agriculture, forestry, and fishing, value added (% of GDP)",NV.AGR.TOTL.ZS,4.67693681681883
South Sudan,SSD,2010,"Agriculture, forestry, and fishing, value added (% of GDP)",NV.AGR.TOTL.ZS,5.29379348275505
South Sudan,SSD,2009,"Agriculture, forestry, and fishing, value added (% of GDP)",NV.AGR.TOTL.ZS,5.22004160956288
South Sudan,SSD,2008,"Agriculture, forestry, and fishing, value added (% of GDP)",NV.AGR.TOTL.ZS,4.19544282441311
South Sudan,SSD,2023,"Employment in agriculture, female (% of female employment) (modeled ILO estimate)",SL.AGR.EMPL.FE.ZS,72.7123074993228
South Sudan,SSD,2022,"Employment in agriculture, female (% of female employment) (modeled ILO estimate)",SL.AGR.EMPL.FE.ZS,72.9401057308753
South Sudan,SSD,2021,"Employment in agriculture, female (% of female employment) (modeled ILO estimate)",SL.AGR.EMPL.FE.ZS,73.4703372737433
South Sudan,SSD,2020,"Employment in agriculture, female (% of female employment) (modeled ILO estimate)",SL.AGR.EMPL.FE.ZS,73.3304963057724
South Sudan,SSD,2019,"Employment in agriculture, female (% of female employment) (modeled ILO estimate)",SL.AGR.EMPL.FE.ZS,73.3918192283747
South Sudan,SSD,2018,"Employment in agriculture, female (% of female employment) (modeled ILO estimate)",SL.AGR.EMPL.FE.ZS,73.2801856173567
South Sudan,SSD,2017,"Employment in agriculture, female (% of female employment) (modeled ILO estimate)",SL.AGR.EMPL.FE.ZS,72.884174934238
South Sudan,SSD,2016,"Employment in agriculture, female (% of female employment) (modeled ILO estimate)",SL.AGR.EMPL.FE.ZS,72.3095688134617
South Sudan,SSD,2015,"Employment in agriculture, female (% of female employment) (modeled ILO estimate)",SL.AGR.EMPL.FE.ZS,71.7526670718187
South Sudan,SSD,2014,"Employment in agriculture, female (% of female employment) (modeled ILO estimate)",SL.AGR.EMPL.FE.ZS,71.0522983041337
South Sudan,SSD,2013,"Employment in agriculture, female (% of female employment) (modeled ILO estimate)",SL.AGR.EMPL.FE.ZS,71.3788187293644
South Sudan,SSD,2012,"Employment in agriculture, female (% of female employment) (modeled ILO estimate)",SL.AGR.EMPL.FE.ZS,72.0598516630987
South Sudan,SSD,2011,"Employment in agriculture, female (% of female employment) (modeled ILO estimate)",SL.AGR.EMPL.FE.ZS,73.1396946460084
South Sudan,SSD,2010,"Employment in agriculture, female (% of female employment) (modeled ILO estimate)",SL.AGR.EMPL.FE.ZS,74.3442832251018
South Sudan,SSD,2009,"Employment in agriculture, female (% of female employment) (modeled ILO estimate)",SL.AGR.EMPL.FE.ZS,75.5827352261947
South Sudan,SSD,2008,"Employment in agriculture, female (% of female employment) (modeled ILO estimate)",SL.AGR.EMPL.FE.ZS,75.8058118718167
South Sudan,SSD,2007,"Employment in agriculture, female (% of female employment) (modeled ILO estimate)",SL.AGR.EMPL.FE.ZS,76.6380999576575
South Sudan,SSD,2006,"Employment in agriculture, female (% of female employment) (modeled ILO estimate)",SL.AGR.EMPL.FE.ZS,77.4795591013442
South Sudan,SSD,2005,"Employment in agriculture, female (% of female employment) (modeled ILO estimate)",SL.AGR.EMPL.FE.ZS,78.311915651283
South Sudan,SSD,2004,"Employment in agriculture, female (% of female employment) (modeled ILO estimate)",SL.AGR.EMPL.FE.ZS,79.0736486090637
South Sudan,SSD,2003,"Employment in agriculture, female (% of female employment) (modeled ILO estimate)",SL.AGR.EMPL.FE.ZS,79.739914167362
South Sudan,SSD,2002,"Employment in agriculture, female (% of female employment) (modeled ILO estimate)",SL.AGR.EMPL.FE.ZS,80.365399952579
South Sudan,SSD,2001,"Employment in agriculture, female (% of female employment) (modeled ILO estimate)",SL.AGR.EMPL.FE.ZS,80.9244359376218
South Sudan,SSD,2000,"Employment in agriculture, female (% of female employment) (modeled ILO estimate)",SL.AGR.EMPL.FE.ZS,81.4622446710505
South Sudan,SSD,1999,"Employment in agriculture, female (% of female employment) (modeled ILO estimate)",SL.AGR.EMPL.FE.ZS,81.9231076154719
South Sudan,SSD,1998,"Employment in agriculture, female (% of female employment) (modeled ILO estimate)",SL.AGR.EMPL.FE.ZS,82.1625409343985
South Sudan,SSD,1997,"Employment in agriculture, female (% of female employment) (modeled ILO estimate)",SL.AGR.EMPL.FE.ZS,82.3404185230632
South Sudan,SSD,1996,"Employment in agriculture, female (% of female employment) (modeled ILO estimate)",SL.AGR.EMPL.FE.ZS,82.6823350605077
South Sudan,SSD,1995,"Employment in agriculture, female (% of female employment) (modeled ILO estimate)",SL.AGR.EMPL.FE.ZS,82.8544284899976
South Sudan,SSD,1994,"Employment in agriculture, female (% of female employment) (modeled ILO estimate)",SL.AGR.EMPL.FE.ZS,83.0201660099534
South Sudan,SSD,1993,"Employment in agriculture, female (% of female employment) (modeled ILO estimate)",SL.AGR.EMPL.FE.ZS,83.1144630045469
South Sudan,SSD,1992,"Employment in agriculture, female (% of female employment) (modeled ILO estimate)",SL.AGR.EMPL.FE.ZS,83.264919992155
South Sudan,SSD,1991,"Employment in agriculture, female (% of female employment) (modeled ILO estimate)",SL.AGR.EMPL.FE.ZS,83.4289474177173
South Sudan,SSD,2023,"Employment in agriculture, male (% of male employment) (modeled ILO estimate)",SL.AGR.EMPL.MA.ZS,46.1152795546489
South Sudan,SSD,2022,"Employment in agriculture, male (% of male employment) (modeled ILO estimate)",SL.AGR.EMPL.MA.ZS,46.2704089887979
South Sudan,SSD,2021,"Employment in agriculture, male (% of male employment) (modeled ILO estimate)",SL.AGR.EMPL.MA.ZS,46.5638421717484
South Sudan,SSD,2020,"Employment in agriculture, male (% of male employment) (modeled ILO estimate)",SL.AGR.EMPL.MA.ZS,46.9021463354067
South Sudan,SSD,2019,"Employment in agriculture, male (% of male employment) (modeled ILO estimate)",SL.AGR.EMPL.MA.ZS,46.5964163885004
South Sudan,SSD,2018,"Employment in agriculture, male (% of male employment) (modeled ILO estimate)",SL.AGR.EMPL.MA.ZS,47.3170601128003
South Sudan,SSD,2017,"Employment in agriculture, male (% of male employment) (modeled ILO estimate)",SL.AGR.EMPL.MA.ZS,47.5673244371001
South Sudan,SSD,2016,"Employment in agriculture, male (% of male employment) (modeled ILO estimate)",SL.AGR.EMPL.MA.ZS,47.5041980010284
South Sudan,SSD,2015,"Employment in agriculture, male (% of male employment) (modeled ILO estimate)",SL.AGR.EMPL.MA.ZS,46.7932296011954
South Sudan,SSD,2014,"Employment in agriculture, male (% of male employment) (modeled ILO estimate)",SL.AGR.EMPL.MA.ZS,46.5862839654748
South Sudan,SSD,2013,"Employment in agriculture, male (% of male employment) (modeled ILO estimate)",SL.AGR.EMPL.MA.ZS,47.446183179571
South Sudan,SSD,2012,"Employment in agriculture, male (% of male employment) (modeled ILO estimate)",SL.AGR.EMPL.MA.ZS,48.7861620840985
South Sudan,SSD,2011,"Employment in agriculture, male (% of male employment) (modeled ILO estimate)",SL.AGR.EMPL.MA.ZS,47.9188655533882
South Sudan,SSD,2010,"Employment in agriculture, male (% of male employment) (modeled ILO estimate)",SL.AGR.EMPL.MA.ZS,46.5741188402975
South Sudan,SSD,2009,"Employment in agriculture, male (% of male employment) (modeled ILO estimate)",SL.AGR.EMPL.MA.ZS,46.4771089679636
South Sudan,SSD,2008,"Employment in agriculture, male (% of male employment) (modeled ILO estimate)",SL.AGR.EMPL.MA.ZS,46.5707254506066
South Sudan,SSD,2007,"Employment in agriculture, male (% of male employment) (modeled ILO estimate)",SL.AGR.EMPL.MA.ZS,46.7426978526035
South Sudan,SSD,2006,"Employment in agriculture, male (% of male employment) (modeled ILO estimate)",SL.AGR.EMPL.MA.ZS,47.1067826670139
South Sudan,SSD,2005,"Employment in agriculture, male (% of male employment) (modeled ILO estimate)",SL.AGR.EMPL.MA.ZS,47.4989384412245
South Sudan,SSD,2004,"Employment in agriculture, male (% of male employment) (modeled ILO estimate)",SL.AGR.EMPL.MA.ZS,47.8135973382457
South Sudan,SSD,2003,"Employment in agriculture, male (% of male employment) (modeled ILO estimate)",SL.AGR.EMPL.MA.ZS,48.0920148394359
South Sudan,SSD,2002,"Employment in agriculture, male (% of male employment) (modeled ILO estimate)",SL.AGR.EMPL.MA.ZS,48.4567574950546
South Sudan,SSD,2001,"Employment in agriculture, male (% of male employment) (modeled ILO estimate)",SL.AGR.EMPL.MA.ZS,48.8507482644993
South Sudan,SSD,2000,"Employment in agriculture, male (% of male employment) (modeled ILO estimate)",SL.AGR.EMPL.MA.ZS,49.3196852470465
South Sudan,SSD,1999,"Employment in agriculture, male (% of male employment) (modeled ILO estimate)",SL.AGR.EMPL.MA.ZS,49.6984304387968
South Sudan,SSD,1998,"Employment in agriculture, male (% of male employment) (modeled ILO estimate)",SL.AGR.EMPL.MA.ZS,50.0362501812509
South Sudan,SSD,1997,"Employment in agriculture, male (% of male employment) (modeled ILO estimate)",SL.AGR.EMPL.MA.ZS,50.5079994732689
South Sudan,SSD,1996,"Employment in agriculture, male (% of male employment) (modeled ILO estimate)",SL.AGR.EMPL.MA.ZS,51.354642345584
South Sudan,SSD,1995,"Employment in agriculture, male (% of male employment) (modeled ILO estimate)",SL.AGR.EMPL.MA.ZS,51.6899552828406
South Sudan,SSD,1994,"Employment in agriculture, male (% of male employment) (modeled ILO estimate)",SL.AGR.EMPL.MA.ZS,51.9614177179217
South Sudan,SSD,1993,"Employment in agriculture, male (% of male employment) (modeled ILO estimate)",SL.AGR.EMPL.MA.ZS,52.0559428518348
South Sudan,SSD,1992,"Employment in agriculture, male (% of male employment) (modeled ILO estimate)",SL.AGR.EMPL.MA.ZS,52.3811803705515
South Sudan,SSD,1991,"Employment in agriculture, male (% of male employment) (modeled ILO estimate)",SL.AGR.EMPL.MA.ZS,52.7113286381024
South Sudan,SSD,2023,Employment in agriculture (% of total employment) (modeled ILO estimate),SL.AGR.EMPL.ZS,59.2479056751547
South Sudan,SSD,2022,Employment in agriculture (% of total employment) (modeled ILO estimate),SL.AGR.EMPL.ZS,59.4520561631609
South Sudan,SSD,2021,Employment in agriculture (% of total employment) (modeled ILO estimate),SL.AGR.EMPL.ZS,59.9145346287745
South Sudan,SSD,2020,Employment in agriculture (% of total employment) (modeled ILO estimate),SL.AGR.EMPL.ZS,60.0004192337184
South Sudan,SSD,2019,Employment in agriculture (% of total employment) (modeled ILO estimate),SL.AGR.EMPL.ZS,59.8959280047081
South Sudan,SSD,2018,Employment in agriculture (% of total employment) (modeled ILO estimate),SL.AGR.EMPL.ZS,60.1045452655217
South Sudan,SSD,2017,Employment in agriculture (% of total employment) (modeled ILO estimate),SL.AGR.EMPL.ZS,59.9939314056622
South Sudan,SSD,2016,Employment in agriculture (% of total employment) (modeled ILO estimate),SL.AGR.EMPL.ZS,59.7176753205008
South Sudan,SSD,2015,Employment in agriculture (% of total employment) (modeled ILO estimate),SL.AGR.EMPL.ZS,59.0968747979142
South Sudan,SSD,2014,Employment in agriculture (% of total employment) (modeled ILO estimate),SL.AGR.EMPL.ZS,58.6645556927282
South Sudan,SSD,2013,Employment in agriculture (% of total employment) (modeled ILO estimate),SL.AGR.EMPL.ZS,59.2996756840941
South Sudan,SSD,2012,Employment in agriculture (% of total employment) (modeled ILO estimate),SL.AGR.EMPL.ZS,60.320122759671
South Sudan,SSD,2011,Employment in agriculture (% of total employment) (modeled ILO estimate),SL.AGR.EMPL.ZS,60.4162213120781
South Sudan,SSD,2010,Employment in agriculture (% of total employment) (modeled ILO estimate),SL.AGR.EMPL.ZS,60.3043326524965
South Sudan,SSD,2009,Employment in agriculture (% of total employment) (modeled ILO estimate),SL.AGR.EMPL.ZS,60.8394592668031
South Sudan,SSD,2008,Employment in agriculture (% of total employment) (modeled ILO estimate),SL.AGR.EMPL.ZS,60.9898071497683
South Sudan,SSD,2007,Employment in agriculture (% of total employment) (modeled ILO estimate),SL.AGR.EMPL.ZS,61.4748837888966
South Sudan,SSD,2006,Employment in agriculture (% of total employment) (modeled ILO estimate),SL.AGR.EMPL.ZS,62.0625970514497
South Sudan,SSD,2005,Employment in agriculture (% of total employment) (modeled ILO estimate),SL.AGR.EMPL.ZS,62.6664569687277
South Sudan,SSD,2004,Employment in agriculture (% of total employment) (modeled ILO estimate),SL.AGR.EMPL.ZS,63.2048597413897
South Sudan,SSD,2003,Employment in agriculture (% of total employment) (modeled ILO estimate),SL.AGR.EMPL.ZS,63.7040937869155
South Sudan,SSD,2002,Employment in agriculture (% of total employment) (modeled ILO estimate),SL.AGR.EMPL.ZS,64.2572463845461
South Sudan,SSD,2001,Employment in agriculture (% of total employment) (modeled ILO estimate),SL.AGR.EMPL.ZS,64.7929498779831
South Sudan,SSD,2000,Employment in agriculture (% of total employment) (modeled ILO estimate),SL.AGR.EMPL.ZS,65.3423645641405
South Sudan,SSD,1999,Employment in agriculture (% of total employment) (modeled ILO estimate),SL.AGR.EMPL.ZS,65.7999256995812
South Sudan,SSD,1998,Employment in agriculture (% of total employment) (modeled ILO estimate),SL.AGR.EMPL.ZS,66.0680997604831
South Sudan,SSD,1997,Employment in agriculture (% of total employment) (modeled ILO estimate),SL.AGR.EMPL.ZS,66.3571740858607
South Sudan,SSD,1996,Employment in agriculture (% of total employment) (modeled ILO estimate),SL.AGR.EMPL.ZS,66.9523576507989
South Sudan,SSD,1995,Employment in agriculture (% of total employment) (modeled ILO estimate),SL.AGR.EMPL.ZS,67.2110156037082
South Sudan,SSD,1994,Employment in agriculture (% of total employment) (modeled ILO estimate),SL.AGR.EMPL.ZS,67.4435863346762
South Sudan,SSD,1993,Employment in agriculture (% of total employment) (modeled ILO estimate),SL.AGR.EMPL.ZS,67.5330712675373
South Sudan,SSD,1992,Employment in agriculture (% of total employment) (modeled ILO estimate),SL.AGR.EMPL.ZS,67.7306249577127
South Sudan,SSD,1991,Employment in agriculture (% of total employment) (modeled ILO estimate),SL.AGR.EMPL.ZS,67.9542006996083
South Sudan,SSD,2023,Rural population,SP.RUR.TOTL,9049473
South Sudan,SSD,2022,Rural population,SP.RUR.TOTL,8723702
South Sudan,SSD,2021,Rural population,SP.RUR.TOTL,8636774
South Sudan,SSD,2020,Rural population,SP.RUR.TOTL,8537484
South Sudan,SSD,2019,Rural population,SP.RUR.TOTL,8349235
South Sudan,SSD,2018,Rural population,SP.RUR.TOTL,8137355
South Sudan,SSD,2017,Rural population,SP.RUR.TOTL,8274418
South Sudan,SSD,2016,Rural population,SP.RUR.TOTL,8762419
South Sudan,SSD,2015,Rural population,SP.RUR.TOTL,9013564
South Sudan,SSD,2014,Rural population,SP.RUR.TOTL,9142428
South Sudan,SSD,2013,Rural population,SP.RUR.TOTL,9110005
South Sudan,SSD,2012,Rural population,SP.RUR.TOTL,8796776
South Sudan,SSD,2011,Rural population,SP.RUR.TOTL,8432957
South Sudan,SSD,2010,Rural population,SP.RUR.TOTL,8005326
South Sudan,SSD,2009,Rural population,SP.RUR.TOTL,7607354
South Sudan,SSD,2008,Rural population,SP.RUR.TOTL,7269709
South Sudan,SSD,2007,Rural population,SP.RUR.TOTL,6927461
South Sudan,SSD,2006,Rural population,SP.RUR.TOTL,6597624
South Sudan,SSD,2005,Rural population,SP.RUR.TOTL,6288130
South Sudan,SSD,2004,Rural population,SP.RUR.TOTL,6001760
South Sudan,SSD,2003,Rural population,SP.RUR.TOTL,5737120
South Sudan,SSD,2002,Rural population,SP.RUR.TOTL,5491115
South Sudan,SSD,2001,Rural population,SP.RUR.TOTL,5259179
South Sudan,SSD,2000,Rural population,SP.RUR.TOTL,5036702
South Sudan,SSD,1999,Rural population,SP.RUR.TOTL,4826466
South Sudan,SSD,1998,Rural population,SP.RUR.TOTL,4706863
South Sudan,SSD,1997,Rural population,SP.RUR.TOTL,4620898
South Sudan,SSD,1996,Rural population,SP.RUR.TOTL,4499978
South Sudan,SSD,1995,Rural population,SP.RUR.TOTL,4396339
South Sudan,SSD,1994,Rural population,SP.RUR.TOTL,4272523
South Sudan,SSD,1993,Rural population,SP.RUR.TOTL,4181577
South Sudan,SSD,1992,Rural population,SP.RUR.TOTL,4177607
South Sudan,SSD,1991,Rural population,SP.RUR.TOTL,4155963
South Sudan,SSD,1990,Rural population,SP.RUR.TOTL,4108665
South Sudan,SSD,1989,Rural population,SP.RUR.TOTL,4123274
South Sudan,SSD,1988,Rural population,SP.RUR.TOTL,4276107
South Sudan,SSD,1987,Rural population,SP.RUR.TOTL,4411023
South Sudan,SSD,1986,Rural population,SP.RUR.TOTL,4406429
South Sudan,SSD,1985,Rural population,SP.RUR.TOTL,4358408
South Sudan,SSD,1984,Rural population,SP.RUR.TOTL,4310671
South Sudan,SSD,1983,Rural population,SP.RUR.TOTL,4255644
South Sudan,SSD,1982,Rural population,SP.RUR.TOTL,4170419
South Sudan,SSD,1981,Rural population,SP.RUR.TOTL,4068898
South Sudan,SSD,1980,Rural population,SP.RUR.TOTL,3969388
South Sudan,SSD,1979,Rural population,SP.RUR.TOTL,3871521
South Sudan,SSD,1978,Rural population,SP.RUR.TOTL,3775073
South Sudan,SSD,1977,Rural population,SP.RUR.TOTL,3679857
South Sudan,SSD,1976,Rural population,SP.RUR.TOTL,3585998
South Sudan,SSD,1975,Rural population,SP.RUR.TOTL,3493763
South Sudan,SSD,1974,Rural population,SP.RUR.TOTL,3403543
South Sudan,SSD,1973,Rural population,SP.RUR.TOTL,3315464
South Sudan,SSD,1972,Rural population,SP.RUR.TOTL,3237488
South Sudan,SSD,1971,Rural population,SP.RUR.TOTL,3169579
South Sudan,SSD,1970,Rural population,SP.RUR.TOTL,3115262
South Sudan,SSD,1969,Rural population,SP.RUR.TOTL,3074583
South Sudan,SSD,1968,Rural population,SP.RUR.TOTL,3034017
South Sudan,SSD,1967,Rural population,SP.RUR.TOTL,2993574
South Sudan,SSD,1966,Rural population,SP.RUR.TOTL,2955534
South Sudan,SSD,1965,Rural population,SP.RUR.TOTL,2912638
South Sudan,SSD,1964,Rural population,SP.RUR.TOTL,2857553
South Sudan,SSD,1963,Rural population,SP.RUR.TOTL,2804917
South Sudan,SSD,1962,Rural population,SP.RUR.TOTL,2760437
South Sudan,SSD,1961,Rural population,SP.RUR.TOTL,2716648
South Sudan,SSD,1960,Rural population,SP.RUR.TOTL,2675106
South Sudan,SSD,2023,Rural population growth (annual %),SP.RUR.TOTL.ZG,3.66628348589461
South Sudan,SSD,2022,Rural population growth (annual %),SP.RUR.TOTL.ZG,1.0014555650334
South Sudan,SSD,2021,Rural population growth (annual %),SP.RUR.TOTL.ZG,1.15627826525718
South Sudan,SSD,2020,Rural population growth (annual %),SP.RUR.TOTL.ZG,2.22964329110081
South Sudan,SSD,2019,Rural population growth (annual %),SP.RUR.TOTL.ZG,2.5704729263692
South Sudan,SSD,2018,Rural population growth (annual %),SP.RUR.TOTL.ZG,-1.6703397827876
South Sudan,SSD,2017,Rural population growth (annual %),SP.RUR.TOTL.ZG,-5.73034219173419
South Sudan,SSD,2016,Rural population growth (annual %),SP.RUR.TOTL.ZG,-2.8258545514417
South Sudan,SSD,2015,Rural population growth (annual %),SP.RUR.TOTL.ZG,-1.41954418075921
South Sudan,SSD,2014,Rural population growth (annual %),SP.RUR.TOTL.ZG,0.355273558362293
South Sudan,SSD,2013,Rural population growth (annual %),SP.RUR.TOTL.ZG,3.49879693988926
South Sudan,SSD,2012,Rural population growth (annual %),SP.RUR.TOTL.ZG,4.22378091565111
South Sudan,SSD,2011,Rural population growth (annual %),SP.RUR.TOTL.ZG,5.20404113971189
South Sudan,SSD,2010,Rural population growth (annual %),SP.RUR.TOTL.ZG,5.09916591490353
South Sudan,SSD,2009,Rural population growth (annual %),SP.RUR.TOTL.ZG,4.53991477835893
South Sudan,SSD,2008,Rural population growth (annual %),SP.RUR.TOTL.ZG,4.82228952313973
South Sudan,SSD,2007,Rural population growth (annual %),SP.RUR.TOTL.ZG,4.87837837857686
South Sudan,SSD,2006,Rural population growth (annual %),SP.RUR.TOTL.ZG,4.80458550033742
South Sudan,SSD,2005,Rural population growth (annual %),SP.RUR.TOTL.ZG,4.66109696658721
South Sudan,SSD,2004,Rural population growth (annual %),SP.RUR.TOTL.ZG,4.50954172910984
South Sudan,SSD,2003,Rural population growth (annual %),SP.RUR.TOTL.ZG,4.38260108171876
South Sudan,SSD,2002,Rural population growth (annual %),SP.RUR.TOTL.ZG,4.31564005221835
South Sudan,SSD,2001,Rural population growth (annual %),SP.RUR.TOTL.ZG,4.32234281034684
South Sudan,SSD,2000,Rural population growth (annual %),SP.RUR.TOTL.ZG,4.26369799740612
South Sudan,SSD,1999,Rural population growth (annual %),SP.RUR.TOTL.ZG,2.50928664315719
South Sudan,SSD,1998,Rural population growth (annual %),SP.RUR.TOTL.ZG,1.84325979078336
South Sudan,SSD,1997,Rural population growth (annual %),SP.RUR.TOTL.ZG,2.65165506247384
South Sudan,SSD,1996,Rural population growth (annual %),SP.RUR.TOTL.ZG,2.33003587477119
South Sudan,SSD,1995,Rural population growth (annual %),SP.RUR.TOTL.ZG,2.85676298695363
South Sudan,SSD,1994,Rural population growth (annual %),SP.RUR.TOTL.ZG,2.15160711437096
South Sudan,SSD,1993,Rural population growth (annual %),SP.RUR.TOTL.ZG,0.0949853549936122
South Sudan,SSD,1992,Rural population growth (annual %),SP.RUR.TOTL.ZG,0.519442415833504
South Sudan,SSD,1991,Rural population growth (annual %),SP.RUR.TOTL.ZG,1.14460121809467
South Sudan,SSD,1990,Rural population growth (annual %),SP.RUR.TOTL.ZG,-0.354934975511124
South Sudan,SSD,1989,Rural population growth (annual %),SP.RUR.TOTL.ZG,-3.63955082556914
South Sudan,SSD,1988,Rural population growth (annual %),SP.RUR.TOTL.ZG,-3.10636191102816
South Sudan,SSD,1987,Rural population growth (annual %),SP.RUR.TOTL.ZG,0.104202447956299
South Sudan,SSD,1986,Rural population growth (annual %),SP.RUR.TOTL.ZG,1.09577577994865
South Sudan,SSD,1985,Rural population growth (annual %),SP.RUR.TOTL.ZG,1.10132766144477
South Sudan,SSD,1984,Rural population growth (annual %),SP.RUR.TOTL.ZG,1.28474745286171
South Sudan,SSD,1983,Rural population growth (annual %),SP.RUR.TOTL.ZG,2.02295915449501
South Sudan,SSD,1982,Rural population growth (annual %),SP.RUR.TOTL.ZG,2.46443092580957
South Sudan,SSD,1981,Rural population growth (annual %),SP.RUR.TOTL.ZG,2.47602744766523
South Sudan,SSD,1980,Rural population growth (annual %),SP.RUR.TOTL.ZG,2.49644735604356
South Sudan,SSD,1979,Rural population growth (annual %),SP.RUR.TOTL.ZG,2.52277328217344
South Sudan,SSD,1978,Rural population growth (annual %),SP.RUR.TOTL.ZG,2.55458275321919
South Sudan,SSD,1977,Rural population growth (annual %),SP.RUR.TOTL.ZG,2.58370752718672
South Sudan,SSD,1976,Rural population growth (annual %),SP.RUR.TOTL.ZG,2.60574386137194
South Sudan,SSD,1975,Rural population growth (annual %),SP.RUR.TOTL.ZG,2.61624309653416
South Sudan,SSD,1974,Rural population growth (annual %),SP.RUR.TOTL.ZG,2.62193642021906
South Sudan,SSD,1973,Rural population growth (annual %),SP.RUR.TOTL.ZG,2.37998632219699
South Sudan,SSD,1972,Rural population growth (annual %),SP.RUR.TOTL.ZG,2.11989489565752
South Sudan,SSD,1971,Rural population growth (annual %),SP.RUR.TOTL.ZG,1.72855136467869
South Sudan,SSD,1970,Rural population growth (annual %),SP.RUR.TOTL.ZG,1.31439755451686
South Sudan,SSD,1969,Rural population growth (annual %),SP.RUR.TOTL.ZG,1.32817982317666
South Sudan,SSD,1968,Rural population growth (annual %),SP.RUR.TOTL.ZG,1.34194927698939
South Sudan,SSD,1967,Rural population growth (annual %),SP.RUR.TOTL.ZG,1.27886461131332
South Sudan,SSD,1966,Rural population growth (annual %),SP.RUR.TOTL.ZG,1.4620145448178
South Sudan,SSD,1965,Rural population growth (annual %),SP.RUR.TOTL.ZG,1.90935355472152
South Sudan,SSD,1964,Rural population growth (annual %),SP.RUR.TOTL.ZG,1.85917156773212
South Sudan,SSD,1963,Rural population growth (annual %),SP.RUR.TOTL.ZG,1.59849479900484
South Sudan,SSD,1962,Rural population growth (annual %),SP.RUR.TOTL.ZG,1.59902331335818
South Sudan,SSD,1961,Rural population growth (annual %),SP.RUR.TOTL.ZG,1.54097616643125
South Sudan,SSD,2023,Rural population (% of total population),SP.RUR.TOTL.ZS,78.805
South Sudan,SSD,2022,Rural population (% of total population),SP.RUR.TOTL.ZS,79.154
South Sudan,SSD,2021,Rural population (% of total population),SP.RUR.TOTL.ZS,79.486
South Sudan,SSD,2020,Rural population (% of total population),SP.RUR.TOTL.ZS,79.801
South Sudan,SSD,2019,Rural population (% of total population),SP.RUR.TOTL.ZS,80.101
South Sudan,SSD,2018,Rural population (% of total population),SP.RUR.TOTL.ZS,80.385
South Sudan,SSD,2017,Rural population (% of total population),SP.RUR.TOTL.ZS,80.654
South Sudan,SSD,2016,Rural population (% of total population),SP.RUR.TOTL.ZS,80.908
South Sudan,SSD,2015,Rural population (% of total population),SP.RUR.TOTL.ZS,81.148
South Sudan,SSD,2014,Rural population (% of total population),SP.RUR.TOTL.ZS,81.374
South Sudan,SSD,2013,Rural population (% of total population),SP.RUR.TOTL.ZS,81.585
South Sudan,SSD,2012,Rural population (% of total population),SP.RUR.TOTL.ZS,81.783
South Sudan,SSD,2011,Rural population (% of total population),SP.RUR.TOTL.ZS,81.968
South Sudan,SSD,2010,Rural population (% of total population),SP.RUR.TOTL.ZS,82.14
South Sudan,SSD,2009,Rural population (% of total population),SP.RUR.TOTL.ZS,82.299
South Sudan,SSD,2008,Rural population (% of total population),SP.RUR.TOTL.ZS,82.445
South Sudan,SSD,2007,Rural population (% of total population),SP.RUR.TOTL.ZS,82.58
South Sudan,SSD,2006,Rural population (% of total population),SP.RUR.TOTL.ZS,82.713
South Sudan,SSD,2005,Rural population (% of total population),SP.RUR.TOTL.ZS,82.846
South Sudan,SSD,2004,Rural population (% of total population),SP.RUR.TOTL.ZS,82.977
South Sudan,SSD,2003,Rural population (% of total population),SP.RUR.TOTL.ZS,83.109
South Sudan,SSD,2002,Rural population (% of total population),SP.RUR.TOTL.ZS,83.239
South Sudan,SSD,2001,Rural population (% of total population),SP.RUR.TOTL.ZS,83.368
South Sudan,SSD,2000,Rural population (% of total population),SP.RUR.TOTL.ZS,83.496
South Sudan,SSD,1999,Rural population (% of total population),SP.RUR.TOTL.ZS,83.624
South Sudan,SSD,1998,Rural population (% of total population),SP.RUR.TOTL.ZS,83.751
South Sudan,SSD,1997,Rural population (% of total population),SP.RUR.TOTL.ZS,83.877
South Sudan,SSD,1996,Rural population (% of total population),SP.RUR.TOTL.ZS,84.003
South Sudan,SSD,1995,Rural population (% of total population),SP.RUR.TOTL.ZS,84.127
South Sudan,SSD,1994,Rural population (% of total population),SP.RUR.TOTL.ZS,84.251
South Sudan,SSD,1993,Rural population (% of total population),SP.RUR.TOTL.ZS,84.374
South Sudan,SSD,1992,Rural population (% of total population),SP.RUR.TOTL.ZS,85.088
South Sudan,SSD,1991,Rural population (% of total population),SP.RUR.TOTL.ZS,85.926
South Sudan,SSD,1990,Rural population (% of total population),SP.RUR.TOTL.ZS,86.724
South Sudan,SSD,1989,Rural population (% of total population),SP.RUR.TOTL.ZS,87.483
South Sudan,SSD,1988,Rural population (% of total population),SP.RUR.TOTL.ZS,88.203
South Sudan,SSD,1987,Rural population (% of total population),SP.RUR.TOTL.ZS,88.889
South Sudan,SSD,1986,Rural population (% of total population),SP.RUR.TOTL.ZS,89.539
South Sudan,SSD,1985,Rural population (% of total population),SP.RUR.TOTL.ZS,90.156
South Sudan,SSD,1984,Rural population (% of total population),SP.RUR.TOTL.ZS,90.739
South Sudan,SSD,1983,Rural population (% of total population),SP.RUR.TOTL.ZS,91.292
South Sudan,SSD,1982,Rural population (% of total population),SP.RUR.TOTL.ZS,91.503
South Sudan,SSD,1981,Rural population (% of total population),SP.RUR.TOTL.ZS,91.492
South Sudan,SSD,1980,Rural population (% of total population),SP.RUR.TOTL.ZS,91.481
South Sudan,SSD,1979,Rural population (% of total population),SP.RUR.TOTL.ZS,91.469
South Sudan,SSD,1978,Rural population (% of total population),SP.RUR.TOTL.ZS,91.458
South Sudan,SSD,1977,Rural population (% of total population),SP.RUR.TOTL.ZS,91.447
South Sudan,SSD,1976,Rural population (% of total population),SP.RUR.TOTL.ZS,91.435
South Sudan,SSD,1975,Rural population (% of total population),SP.RUR.TOTL.ZS,91.424
South Sudan,SSD,1974,Rural population (% of total population),SP.RUR.TOTL.ZS,91.413
South Sudan,SSD,1973,Rural population (% of total population),SP.RUR.TOTL.ZS,91.401
South Sudan,SSD,1972,Rural population (% of total population),SP.RUR.TOTL.ZS,91.39
South Sudan,SSD,1971,Rural population (% of total population),SP.RUR.TOTL.ZS,91.378
South Sudan,SSD,1970,Rural population (% of total population),SP.RUR.TOTL.ZS,91.367
South Sudan,SSD,1969,Rural population (% of total population),SP.RUR.TOTL.ZS,91.355
South Sudan,SSD,1968,Rural population (% of total population),SP.RUR.TOTL.ZS,91.344
South Sudan,SSD,1967,Rural population (% of total population),SP.RUR.TOTL.ZS,91.333
South Sudan,SSD,1966,Rural population (% of total population),SP.RUR.TOTL.ZS,91.321
South Sudan,SSD,1965,Rural population (% of total population),SP.RUR.TOTL.ZS,91.31
South Sudan,SSD,1964,Rural population (% of total population),SP.RUR.TOTL.ZS,91.298
South Sudan,SSD,1963,Rural population (% of total population),SP.RUR.TOTL.ZS,91.286
South Sudan,SSD,1962,Rural population (% of total population),SP.RUR.TOTL.ZS,91.275
South Sudan,SSD,1961,Rural population (% of total population),SP.RUR.TOTL.ZS,91.263
South Sudan,SSD,1960,Rural population (% of total population),SP.RUR.TOTL.ZS,91.252
